representation,subset,k,aggregation,n_windows,n_frames,n_points,n_labeled,n_species,n_clusters,ari,ami,nmi,purity,homogeneity,completeness,v_measure,silhouette,inertia,elapsed_s,embedding_dim,cluster_space,cluster_dim,umap_dim,l2_normalize,vocal_frames_only,n_frames_before,kmeans_batch_size,frames_per_window,random_state
a2v_1s_vote,single,10.0,majority_vote,1187.0,96869.0,1187.0,1187.0,86.0,10.0,0.03194583542637016,0.1436499773246177,0.2309405974892678,0.10362257792754845,0.17286174470181573,0.3477939433191699,0.23094059748926782,0.029128162190318108,48244.390625,1.1090948581695557,768.0,native,768.0,,1.0,1.0,238587.0,128.0,201.0,42.0
a2v_1s_vote,single,20.0,majority_vote,1187.0,96869.0,1187.0,1187.0,86.0,15.0,0.04258525377554704,0.1597588728964358,0.2795882256928815,0.11710193765796124,0.22307748361930713,0.37444352490998667,0.27958822569288144,0.011153217405080795,47111.80078125,1.2388410568237305,768.0,native,768.0,,1.0,1.0,238587.0,128.0,201.0,42.0
a2v_1s_vote,single,30.0,majority_vote,1187.0,96869.0,1187.0,1187.0,86.0,26.0,0.057548620943988146,0.20700531475175418,0.36287003851409505,0.17691659646166807,0.30779616557910483,0.4419475832132595,0.362870038514095,0.014064648188650608,45462.3203125,1.327319622039795,768.0,native,768.0,,1.0,1.0,238587.0,128.0,201.0,42.0
a2v_1s_vote,single,40.0,majority_vote,1187.0,96869.0,1187.0,1187.0,86.0,27.0,0.06021537394142742,0.2151262582822309,0.3730927267464327,0.18112889637742208,0.31901699312923026,0.44924267388269545,0.37309272674643273,0.0027506304904818535,44917.26171875,1.3925495147705078,768.0,native,768.0,,1.0,1.0,238587.0,128.0,201.0,42.0
a2v_1s_vote,single,50.0,majority_vote,1187.0,96869.0,1187.0,1187.0,86.0,38.0,0.07555179294487042,0.22916118442934982,0.41735122132955826,0.21398483572030327,0.3736592742942625,0.4726139275160284,0.4173512213295583,0.003274046815931797,44242.4296875,1.5927984714508057,768.0,native,768.0,,1.0,1.0,238587.0,128.0,201.0,42.0
a2v_1s_vote,single,60.0,majority_vote,1187.0,96869.0,1187.0,1187.0,86.0,40.0,0.07417493399159061,0.2322598170633598,0.41444216610152346,0.21651221566975568,0.366781447231707,0.47633915307493796,0.41444216610152346,-0.0033636940643191338,44092.03515625,1.681067705154419,768.0,native,768.0,,1.0,1.0,238587.0,128.0,201.0,42.0
a2v_1s_vote,single,70.0,majority_vote,1187.0,96869.0,1187.0,1187.0,86.0,40.0,0.0905150322602091,0.23977624286768673,0.42925767597548603,0.21988205560235888,0.3859242702701901,0.4835533357525866,0.42925767597548603,-0.02190118469297886,43801.2734375,1.8449828624725342,768.0,native,768.0,,1.0,1.0,238587.0,128.0,201.0,42.0
a2v_1s_vote,single,80.0,majority_vote,1187.0,96869.0,1187.0,1187.0,86.0,37.0,0.06695922051740495,0.22887799514672905,0.3987032007247429,0.2021903959561921,0.3447603206029956,0.4726574963311598,0.39870320072474297,0.00946118962019682,44325.90625,1.9062633514404297,768.0,native,768.0,,1.0,1.0,238587.0,128.0,201.0,42.0
a2v_1s_vote,single,90.0,majority_vote,1187.0,96869.0,1187.0,1187.0,86.0,54.0,0.07970176811678656,0.22970728766519755,0.4416778793262075,0.2409435551811289,0.40677161926717814,0.48313730149693845,0.4416778793262074,-0.003012919332832098,43400.8671875,2.0490078926086426,768.0,native,768.0,,1.0,1.0,238587.0,128.0,201.0,42.0
a2v_1s_vote,single,100.0,majority_vote,1187.0,96869.0,1187.0,1187.0,86.0,39.0,0.07366149778836449,0.2278600953243384,0.40684180855523977,0.20977253580454927,0.3592242681143984,0.4690125017765984,0.40684180855523977,-0.023368243128061295,44075.09765625,2.155303716659546,768.0,native,768.0,,1.0,1.0,238587.0,128.0,201.0,42.0
a2v_1s_vote,single,110.0,majority_vote,1187.0,96869.0,1187.0,1187.0,86.0,47.0,0.0792569111995828,0.2383734953785564,0.4348113613081291,0.22577927548441448,0.39355729592803357,0.4857269782314122,0.4348113613081291,-0.01213482953608036,43582.10546875,2.1776721477508545,768.0,native,768.0,,1.0,1.0,238587.0,128.0,201.0,42.0
a2v_1s_vote,single,120.0,majority_vote,1187.0,96869.0,1187.0,1187.0,86.0,55.0,0.10199516651473078,0.24955725295424216,0.459801639871093,0.2628475147430497,0.4249595384922607,0.500867364769424,0.45980163987109307,-0.021066874265670776,43275.2734375,2.3476879596710205,768.0,native,768.0,,1.0,1.0,238587.0,128.0,201.0,42.0
a2v_1s_vote,single,130.0,majority_vote,1187.0,96869.0,1187.0,1187.0,86.0,59.0,0.08993570871110133,0.2378546452531931,0.465134364646862,0.2620050547598989,0.436779184612735,0.4974267091265375,0.4651343646468619,-0.03028816543519497,42761.33203125,2.557408332824707,768.0,native,768.0,,1.0,1.0,238587.0,128.0,201.0,42.0
a2v_1s_vote,single,140.0,majority_vote,1187.0,96869.0,1187.0,1187.0,86.0,68.0,0.09987658720325482,0.25114322387643356,0.4887820130382455,0.2847514743049705,0.4670186594005691,0.5126728811846912,0.4887820130382454,-0.019577743485569954,42471.0546875,2.789754629135132,768.0,native,768.0,,1.0,1.0,238587.0,128.0,201.0,42.0
a2v_1s_vote,single,150.0,majority_vote,1187.0,96869.0,1187.0,1187.0,86.0,74.0,0.09497940402798014,0.24660161837928954,0.499981129800424,0.2948609941027801,0.485636792565375,0.5151986404053654,0.49998112980042403,-0.0024990078527480364,42189.18359375,2.955294132232666,768.0,native,768.0,,1.0,1.0,238587.0,128.0,201.0,42.0
a2v_1s_vote,single,160.0,majority_vote,1187.0,96869.0,1187.0,1187.0,86.0,85.0,0.11048230964557107,0.25905308005410765,0.5155813623466083,0.3226621735467565,0.5046452987135024,0.5270019114998924,0.5155813623466083,-0.004577758722007275,41958.3125,3.089453935623169,768.0,native,768.0,,1.0,1.0,238587.0,128.0,201.0,42.0
a2v_1s_vote,single,170.0,majority_vote,1187.0,96869.0,1187.0,1187.0,86.0,96.0,0.12109947202074645,0.270153044829227,0.536367875266526,0.34456613310867734,0.53331696572,0.5394538919029843,0.536367875266526,-0.0067162588238716125,41702.23046875,3.0598411560058594,768.0,native,768.0,,1.0,1.0,238587.0,128.0,201.0,42.0
a2v_1s_vote,single,180.0,majority_vote,1187.0,96869.0,1187.0,1187.0,86.0,98.0,0.11518159675976497,0.25371434720439534,0.5362643040361786,0.32940185341196293,0.5400839080481246,0.532498346946838,0.5362643040361786,-0.008179853670299053,41330.734375,3.315373182296753,768.0,native,768.0,,1.0,1.0,238587.0,128.0,201.0,42.0
a2v_1s_vote,single,190.0,majority_vote,1187.0,96869.0,1187.0,1187.0,86.0,95.0,0.110324745984392,0.26558374573951804,0.5349345538400633,0.33698399326032014,0.5325792806890286,0.5373107513986581,0.5349345538400632,-0.010083992965519428,41346.84375,3.621443748474121,768.0,native,768.0,,1.0,1.0,238587.0,128.0,201.0,42.0
a2v_1s_vote,single,200.0,majority_vote,1187.0,96869.0,1187.0,1187.0,86.0,117.0,0.11393827570475012,0.2600642278108212,0.5547025810965442,0.35636057287278855,0.5662474757158379,0.5436190445657738,0.5547025810965441,0.0032722419127821922,40954.15234375,3.541175603866577,768.0,native,768.0,,1.0,1.0,238587.0,128.0,201.0,42.0
a2v_3s_vote,single,10.0,majority_vote,310.0,48823.0,310.0,310.0,61.0,10.0,0.055688665600958136,0.15891935032848487,0.3643429290380345,0.2,0.2858634910593164,0.5022196262945601,0.36434292903803445,0.03806518390774727,23858.3125,0.902163028717041,768.0,native,768.0,,1.0,1.0,186310.0,128.0,601.0,42.0
a2v_3s_vote,single,20.0,majority_vote,310.0,48823.0,310.0,310.0,61.0,17.0,0.07698492552549116,0.18507955195218143,0.4453072601071695,0.24193548387096775,0.3772814892845817,0.5432597564177836,0.4453072601071694,0.016847293823957443,22789.451171875,0.9619178771972656,768.0,native,768.0,,1.0,1.0,186310.0,128.0,601.0,42.0
a2v_3s_vote,single,30.0,majority_vote,310.0,48823.0,310.0,310.0,61.0,26.0,0.06616028214641513,0.15771119911961407,0.48646234351891465,0.2709677419354839,0.43946041549576437,0.544722436715764,0.48646234351891465,0.009306159801781178,21910.705078125,1.0537068843841553,768.0,native,768.0,,1.0,1.0,186310.0,128.0,601.0,42.0
a2v_3s_vote,single,40.0,majority_vote,310.0,48823.0,310.0,310.0,61.0,35.0,0.10902398488179393,0.20406298584156304,0.5375609128716792,0.31290322580645163,0.49811589723186,0.583790354213104,0.5375609128716792,0.010222158394753933,21469.431640625,1.1527714729309082,768.0,native,768.0,,1.0,1.0,186310.0,128.0,601.0,42.0
a2v_3s_vote,single,50.0,majority_vote,310.0,48823.0,310.0,310.0,61.0,40.0,0.14636452956080764,0.2430929587666004,0.5788658680718662,0.3741935483870968,0.5471897091939127,0.6144347628076701,0.5788658680718661,0.0072149247862398624,21079.84765625,1.2397232055664062,768.0,native,768.0,,1.0,1.0,186310.0,128.0,601.0,42.0
a2v_3s_vote,single,60.0,majority_vote,310.0,48823.0,310.0,310.0,61.0,48.0,0.12555942091261096,0.222140546758773,0.598457148092305,0.38387096774193546,0.5848970663134028,0.6126608983989862,0.598457148092305,0.023225348442792892,20667.958984375,1.352773904800415,768.0,native,768.0,,1.0,1.0,186310.0,128.0,601.0,42.0
a2v_3s_vote,single,70.0,majority_vote,310.0,48823.0,310.0,310.0,61.0,50.0,0.18586057891247773,0.2853386507063824,0.6298944859484289,0.432258064516129,0.6139466878890135,0.6466928951620434,0.6298944859484288,0.011221693828701973,20564.65625,1.4389877319335938,768.0,native,768.0,,1.0,1.0,186310.0,128.0,601.0,42.0
a2v_3s_vote,single,80.0,majority_vote,310.0,48823.0,310.0,310.0,61.0,59.0,0.13372872604680167,0.23776574724080776,0.622202072343172,0.44516129032258067,0.6173227769288187,0.6271591137845764,0.622202072343172,0.008371751755475998,20326.00390625,1.4821970462799072,768.0,native,768.0,,1.0,1.0,186310.0,128.0,601.0,42.0
a2v_3s_vote,single,90.0,majority_vote,310.0,48823.0,310.0,310.0,61.0,64.0,0.14862879312245536,0.26420886110675407,0.6467355128264172,0.45806451612903226,0.650667991666801,0.6428502823169674,0.6467355128264172,0.007661515846848488,20197.8359375,1.6529972553253174,768.0,native,768.0,,1.0,1.0,186310.0,128.0,601.0,42.0
a2v_3s_vote,single,100.0,majority_vote,310.0,48823.0,310.0,310.0,61.0,61.0,0.15694032815128042,0.25576428986031713,0.6371578310608306,0.4483870967741935,0.6370082965336267,0.6373074358094907,0.6371578310608306,0.009512227028608322,19997.939453125,1.711991310119629,768.0,native,768.0,,1.0,1.0,186310.0,128.0,601.0,42.0
a2v_3s_vote,single,110.0,majority_vote,310.0,48823.0,310.0,310.0,61.0,65.0,0.11847742960023429,0.22243416825908638,0.6292608590452959,0.44193548387096776,0.6346118792219142,0.6239993234839811,0.6292608590452959,0.007090202532708645,19909.05078125,1.8485877513885498,768.0,native,768.0,,1.0,1.0,186310.0,128.0,601.0,42.0
a2v_3s_vote,single,120.0,majority_vote,310.0,48823.0,310.0,310.0,61.0,70.0,0.17916883621260382,0.27144646090418256,0.6574674998062434,0.4838709677419355,0.666467632701637,0.6487072077922668,0.6574674998062435,-0.010457729920744896,19994.16015625,1.8371222019195557,768.0,native,768.0,,1.0,1.0,186310.0,128.0,601.0,42.0
a2v_3s_vote,single,130.0,majority_vote,310.0,48823.0,310.0,310.0,61.0,68.0,0.1413726451549039,0.2671532841075624,0.6555620933451016,0.4935483870967742,0.6647933083114941,0.6465837336586369,0.6555620933451017,-0.0037590060383081436,19798.96484375,2.0519044399261475,768.0,native,768.0,,1.0,1.0,186310.0,128.0,601.0,42.0
a2v_3s_vote,single,140.0,majority_vote,310.0,48823.0,310.0,310.0,61.0,79.0,0.12064061125783493,0.22618449097416493,0.6571670683279863,0.4806451612903226,0.6815347960879485,0.634481686603414,0.6571670683279863,0.012354506179690361,19469.845703125,2.128481388092041,768.0,native,768.0,,1.0,1.0,186310.0,128.0,601.0,42.0
a2v_3s_vote,single,150.0,majority_vote,310.0,48823.0,310.0,310.0,61.0,78.0,0.15655344146418168,0.26692564043663536,0.6716448728471455,0.5161290322580645,0.6938682091641858,0.650800903959247,0.6716448728471455,-0.006816909648478031,19472.228515625,2.228154420852661,768.0,native,768.0,,1.0,1.0,186310.0,128.0,601.0,42.0
a2v_3s_vote,single,160.0,majority_vote,310.0,48823.0,310.0,310.0,61.0,82.0,0.1473781397052503,0.23788004962726408,0.6645245734545409,0.5064516129032258,0.6906389133667797,0.6403131443304487,0.6645245734545409,0.000980402808636427,19363.283203125,2.4798600673675537,768.0,native,768.0,,1.0,1.0,186310.0,128.0,601.0,42.0
a2v_3s_vote,single,170.0,majority_vote,310.0,48823.0,310.0,310.0,61.0,78.0,0.17050646793659258,0.2628581491699204,0.6754615656719801,0.5129032258064516,0.7024292421696056,0.6504880176305304,0.6754615656719801,-0.0005119810812175274,19317.8984375,2.450852870941162,768.0,native,768.0,,1.0,1.0,186310.0,128.0,601.0,42.0
a2v_3s_vote,single,180.0,majority_vote,310.0,48823.0,310.0,310.0,61.0,89.0,0.1619506860124716,0.2584390116103547,0.6864930678241408,0.535483870967742,0.7240174080471599,0.6526666893015046,0.6864930678241408,0.000449969811597839,19112.234375,2.527360439300537,768.0,native,768.0,,1.0,1.0,186310.0,128.0,601.0,42.0
a2v_3s_vote,single,190.0,majority_vote,310.0,48823.0,310.0,310.0,61.0,99.0,0.17842020212762752,0.2798319520288721,0.7060075855675211,0.5806451612903226,0.7533017542479405,0.6643011005789959,0.7060075855675211,0.008495006710290909,19044.583984375,2.71492600440979,768.0,native,768.0,,1.0,1.0,186310.0,128.0,601.0,42.0
a2v_3s_vote,single,200.0,majority_vote,310.0,48823.0,310.0,310.0,61.0,97.0,0.1685063700122152,0.25952302628129004,0.6982476534877338,0.5612903225806452,0.7455868143005621,0.6565609652052504,0.6982476534877335,0.0001361243485007435,18968.44921875,2.8390491008758545,768.0,native,768.0,,1.0,1.0,186310.0,128.0,601.0,42.0
a2v_5s_vote,single,10.0,majority_vote,141.0,30372.0,141.0,141.0,44.0,10.0,0.04160666584641133,0.120684822942993,0.4360481301950217,0.22695035460992907,0.35387699034243875,0.5679207852155664,0.43604813019502175,0.046995218843221664,14301.3759765625,0.7935447692871094,768.0,native,768.0,,1.0,1.0,141141.0,128.0,1001.0,42.0
a2v_5s_vote,single,20.0,majority_vote,141.0,30372.0,141.0,141.0,44.0,19.0,0.10333197816030947,0.2062777901987041,0.5766456214326051,0.3404255319148936,0.5150168116599053,0.6550287792612314,0.5766456214326051,0.039978981018066406,13530.1669921875,0.8639354705810547,768.0,native,768.0,,1.0,1.0,141141.0,128.0,1001.0,42.0
a2v_5s_vote,single,30.0,majority_vote,141.0,30372.0,141.0,141.0,44.0,28.0,0.11562385063528134,0.21086979593806385,0.6432806595174438,0.41134751773049644,0.616697786333581,0.6722584870770151,0.6432806595174437,0.04000280424952507,13006.2451171875,0.9448704719543457,768.0,native,768.0,,1.0,1.0,141141.0,128.0,1001.0,42.0
a2v_5s_vote,single,40.0,majority_vote,141.0,30372.0,141.0,141.0,44.0,33.0,0.16647559728289368,0.24545347376748378,0.6674576847869635,0.44680851063829785,0.6450022566372762,0.6915330593577443,0.6674576847869635,0.026237133890390396,12745.8642578125,1.057286262512207,768.0,native,768.0,,1.0,1.0,141141.0,128.0,1001.0,42.0
a2v_5s_vote,single,50.0,majority_vote,141.0,30372.0,141.0,141.0,44.0,38.0,0.13146534948734853,0.21953139529687163,0.678734824720691,0.48936170212765956,0.6723286286025778,0.6852642764815091,0.678734824720691,0.026840094476938248,12437.138671875,1.174443006515503,768.0,native,768.0,,1.0,1.0,141141.0,128.0,1001.0,42.0
a2v_5s_vote,single,60.0,majority_vote,141.0,30372.0,141.0,141.0,44.0,42.0,0.16047513534893018,0.24396747671017185,0.6990885930650522,0.5177304964539007,0.7005717525148792,0.6976117002531081,0.6990885930650521,0.02419242076575756,12366.7548828125,1.294255256652832,768.0,native,768.0,,1.0,1.0,141141.0,128.0,1001.0,42.0
a2v_5s_vote,single,70.0,majority_vote,141.0,30372.0,141.0,141.0,44.0,43.0,0.1255360275681663,0.22034422686845126,0.7010081667640553,0.5177304964539007,0.7114719839171768,0.6908476770515501,0.7010081667640553,0.02953261137008667,12141.453125,1.3402795791625977,768.0,native,768.0,,1.0,1.0,141141.0,128.0,1001.0,42.0
a2v_5s_vote,single,80.0,majority_vote,141.0,30372.0,141.0,141.0,44.0,50.0,0.1266117986747776,0.21752884278695742,0.7111134296634812,0.5460992907801419,0.7299277732302684,0.6932446173174123,0.7111134296634812,0.023445583879947662,12005.5673828125,1.4394993782043457,768.0,native,768.0,,1.0,1.0,141141.0,128.0,1001.0,42.0
a2v_5s_vote,single,90.0,majority_vote,141.0,30372.0,141.0,141.0,44.0,46.0,0.09208673841782793,0.1750204464237292,0.6917774706104614,0.5106382978723404,0.7078552834632261,0.676413801281301,0.6917774706104614,0.014230957254767418,11932.1279296875,1.5733778476715088,768.0,native,768.0,,1.0,1.0,141141.0,128.0,1001.0,42.0
a2v_5s_vote,single,100.0,majority_vote,141.0,30372.0,141.0,141.0,44.0,52.0,0.15418053023307496,0.2422144852729132,0.7274672829472121,0.5886524822695035,0.7528504570097891,0.7037399240531551,0.7274672829472121,0.013093057088553905,11890.3154296875,1.591475248336792,768.0,native,768.0,,1.0,1.0,141141.0,128.0,1001.0,42.0
a2v_5s_vote,single,110.0,majority_vote,141.0,30372.0,141.0,141.0,44.0,57.0,0.11727912900689191,0.2029710313197917,0.7238411577928738,0.5815602836879432,0.75736996855132,0.6931551410310419,0.7238411577928738,0.01653093472123146,11691.291015625,1.7451403141021729,768.0,native,768.0,,1.0,1.0,141141.0,128.0,1001.0,42.0
a2v_5s_vote,single,120.0,majority_vote,141.0,30372.0,141.0,141.0,44.0,63.0,0.1642196024094876,0.25772401167941394,0.7592228626514513,0.6453900709219859,0.8098657544539195,0.7145408696761458,0.7592228626514513,0.020801294595003128,11645.833984375,1.814856767654419,768.0,native,768.0,,1.0,1.0,141141.0,128.0,1001.0,42.0
a2v_5s_vote,single,130.0,majority_vote,141.0,30372.0,141.0,141.0,44.0,59.0,0.20350654687433825,0.2704880373147355,0.7524855434499523,0.6453900709219859,0.7921057365170494,0.71664005462818,0.7524855434499522,0.008668732829391956,11560.9296875,1.9790992736816406,768.0,native,768.0,,1.0,1.0,141141.0,128.0,1001.0,42.0
a2v_5s_vote,single,140.0,majority_vote,141.0,30372.0,141.0,141.0,44.0,64.0,0.17736223612187652,0.2559062274424762,0.7581809920893376,0.6524822695035462,0.8080758526025829,0.7140893532189274,0.7581809920893376,0.009204176254570484,11534.7919921875,1.9966487884521484,768.0,native,768.0,,1.0,1.0,141141.0,128.0,1001.0,42.0
a2v_5s_vote,single,150.0,majority_vote,141.0,30372.0,141.0,141.0,44.0,62.0,0.14574560914272752,0.23891300854560418,0.7435552664754539,0.624113475177305,0.7834849216303429,0.7074982106301693,0.7435552664754538,0.003351640421897173,11514.419921875,2.114788293838501,768.0,native,768.0,,1.0,1.0,141141.0,128.0,1001.0,42.0
a2v_5s_vote,single,160.0,majority_vote,141.0,30372.0,141.0,141.0,44.0,61.0,0.10125727114175594,0.19207764566412078,0.7256544575792877,0.5957446808510638,0.7630510225574271,0.6917521952736567,0.7256544575792877,0.013805392198264599,11389.7158203125,2.179457426071167,768.0,native,768.0,,1.0,1.0,141141.0,128.0,1001.0,42.0
a2v_5s_vote,single,170.0,majority_vote,141.0,30372.0,141.0,141.0,44.0,70.0,0.14152904499610464,0.2234162982564303,0.7615086290112756,0.6737588652482269,0.8238474847880962,0.7079402377782571,0.7615086290112754,0.013893679715692997,11303.0498046875,2.2423453330993652,768.0,native,768.0,,1.0,1.0,141141.0,128.0,1001.0,42.0
a2v_5s_vote,single,180.0,majority_vote,141.0,30372.0,141.0,141.0,44.0,68.0,0.14488130360999368,0.23511774958309414,0.7640299257488142,0.6808510638297872,0.8260765369680414,0.7106527923416398,0.7640299257488143,0.018220804631710052,11264.791015625,2.3830344676971436,768.0,native,768.0,,1.0,1.0,141141.0,128.0,1001.0,42.0
a2v_5s_vote,single,190.0,majority_vote,141.0,30372.0,141.0,141.0,44.0,70.0,0.1326989902618427,0.20662796178938905,0.7594876947288356,0.6737588652482269,0.8251102083694376,0.7035343314182974,0.7594876947288357,0.006522209383547306,11240.58984375,2.415027618408203,768.0,native,768.0,,1.0,1.0,141141.0,128.0,1001.0,42.0
a2v_5s_vote,single,200.0,majority_vote,141.0,30372.0,141.0,141.0,44.0,69.0,0.16242119227942656,0.25265877328254366,0.7672470272261852,0.6879432624113475,0.8272857847346897,0.715333036320106,0.7672470272261851,0.006945006549358368,11170.9296875,2.4831604957580566,768.0,native,768.0,,1.0,1.0,141141.0,128.0,1001.0,42.0
birdnet_3s,single,10.0,window_embedding,310.0,,310.0,310.0,61.0,10.0,0.1071630107019799,0.3735034280009251,0.5146722331275302,0.2903225806451613,0.3864023369856302,0.770420614363943,0.5146722331275302,0.11425220221281052,101.84391021728516,0.08144259452819824,1024.0,native,1024.0,,1.0,0.0,,128.0,,42.0
birdnet_3s,single,20.0,window_embedding,310.0,,310.0,310.0,61.0,20.0,0.16056802402181247,0.4184846087337903,0.6122404484135949,0.4129032258064516,0.5164600853805865,0.7516353593099548,0.6122404484135949,0.07581939548254013,90.1904296875,0.13463425636291504,1024.0,native,1024.0,,1.0,0.0,,128.0,,42.0
birdnet_3s,single,30.0,window_embedding,310.0,,310.0,310.0,61.0,29.0,0.18595453936586592,0.44536339334690095,0.6541644067215289,0.45806451612903226,0.5746225093264322,0.7592654283834008,0.6541644067215289,0.06207023561000824,84.1069564819336,0.20430397987365723,1024.0,native,1024.0,,1.0,0.0,,128.0,,42.0
birdnet_3s,single,40.0,window_embedding,310.0,,310.0,310.0,61.0,40.0,0.19154055594968658,0.46988892248948744,0.6891879174073392,0.5290322580645161,0.6224079266734023,0.7720202585504916,0.6891879174073392,0.06717085093259811,78.71804809570312,0.271665096282959,1024.0,native,1024.0,,1.0,0.0,,128.0,,42.0
birdnet_3s,single,50.0,window_embedding,310.0,,310.0,310.0,61.0,50.0,0.14759590974073003,0.44529179477380626,0.6978698534460736,0.5612903225806452,0.6478891980153445,0.756206522344972,0.6978698534460736,0.0680493488907814,71.1322250366211,0.32737278938293457,1024.0,native,1024.0,,1.0,0.0,,128.0,,42.0
birdnet_3s,single,60.0,window_embedding,310.0,,310.0,310.0,61.0,60.0,0.15813576479336805,0.4242413938499696,0.6905960820012366,0.5483870967741935,0.6452230449854142,0.7428332099087392,0.6905960820012366,0.06066481024026871,68.9706039428711,0.4186580181121826,1024.0,native,1024.0,,1.0,0.0,,128.0,,42.0
birdnet_3s,single,70.0,window_embedding,310.0,,310.0,310.0,61.0,70.0,0.16459897133658696,0.39226414880960325,0.6968634452334068,0.5774193548387097,0.6814453975071266,0.7129953260951222,0.6968634452334068,0.00816297996789217,65.31230163574219,0.5036790370941162,1024.0,native,1024.0,,1.0,0.0,,128.0,,42.0
birdnet_3s,single,80.0,window_embedding,310.0,,310.0,310.0,61.0,80.0,0.16934343024857162,0.41086181293803586,0.7128723238392197,0.6,0.6977449581108279,0.7286701592315469,0.7128723238392196,0.02106231264770031,63.278106689453125,0.5592043399810791,1024.0,native,1024.0,,1.0,0.0,,128.0,,42.0
birdnet_3s,single,90.0,window_embedding,310.0,,310.0,310.0,61.0,90.0,0.239482670697119,0.44246126488598625,0.748685407618788,0.6903225806451613,0.7649426399496925,0.733104820567636,0.748685407618788,0.032743651419878006,55.15462875366211,0.6320266723632812,1024.0,native,1024.0,,1.0,0.0,,128.0,,42.0
birdnet_3s,single,100.0,window_embedding,310.0,,310.0,310.0,61.0,100.0,0.15798571844482476,0.38711238802257975,0.7264710511206551,0.6483870967741936,0.7383112884122187,0.7150045815661868,0.726471051120655,0.002543153241276741,55.87775802612305,0.6998791694641113,1024.0,native,1024.0,,1.0,0.0,,128.0,,42.0
birdnet_3s,single,110.0,window_embedding,310.0,,310.0,310.0,61.0,109.0,0.1655647181952734,0.3610019019711069,0.7245307836936467,0.6419354838709678,0.7501329741343346,0.7006185312248189,0.7245307836936465,-0.01422155275940895,53.76232147216797,0.766716480255127,1024.0,native,1024.0,,1.0,0.0,,128.0,,42.0
birdnet_3s,single,120.0,window_embedding,310.0,,310.0,310.0,61.0,118.0,0.14824011046072172,0.335214254213159,0.7240637521886202,0.6774193548387096,0.7598316811006702,0.6915118749753311,0.7240637521886203,-0.00010387666407041252,51.944515228271484,0.8192317485809326,1024.0,native,1024.0,,1.0,0.0,,128.0,,42.0
birdnet_3s,single,130.0,window_embedding,310.0,,310.0,310.0,61.0,126.0,0.21410235996783736,0.4073502895006364,0.7666101584485511,0.7451612903225806,0.8219296400347891,0.718267589047338,0.766610158448551,0.007506974507123232,46.71552658081055,0.8815526962280273,1024.0,native,1024.0,,1.0,0.0,,128.0,,42.0
birdnet_3s,single,140.0,window_embedding,310.0,,310.0,310.0,61.0,134.0,0.16801658662468705,0.37599587494817055,0.7626814732004655,0.7580645161290323,0.8253250835289304,0.7088765121219813,0.7626814732004654,-0.00024330269661732018,43.27973937988281,0.9766662120819092,1024.0,native,1024.0,,1.0,0.0,,128.0,,42.0
birdnet_3s,single,150.0,window_embedding,310.0,,310.0,310.0,61.0,139.0,0.166519034123495,0.35837581640787325,0.7643111117040245,0.7516129032258064,0.8380899300226385,0.7024711037512507,0.7643111117040245,0.009331965819001198,40.16860580444336,1.0758693218231201,1024.0,native,1024.0,,1.0,0.0,,128.0,,42.0
birdnet_3s,single,160.0,window_embedding,310.0,,310.0,310.0,61.0,153.0,0.11896335648410081,0.2981333221508961,0.7472019870879812,0.7548387096774194,0.820374572424892,0.6860136091840593,0.7472019870879812,0.0005367371486499906,39.35540771484375,1.146803617477417,1024.0,native,1024.0,,1.0,0.0,,128.0,,42.0
birdnet_3s,single,170.0,window_embedding,310.0,,310.0,310.0,61.0,158.0,0.17679187602414964,0.36301486178000303,0.77349381426781,0.8064516129032258,0.8511672758949347,0.7088110977650555,0.77349381426781,0.0014965531881898642,36.97003173828125,1.2070939540863037,1024.0,native,1024.0,,1.0,0.0,,128.0,,42.0
birdnet_3s,single,180.0,window_embedding,310.0,,310.0,310.0,61.0,171.0,0.1303386756537264,0.29349511144079105,0.7651859422316665,0.7967741935483871,0.8632343817465188,0.687138893106134,0.7651859422316666,0.008683804422616959,30.518613815307617,1.3168435096740723,1024.0,native,1024.0,,1.0,0.0,,128.0,,42.0
birdnet_3s,single,190.0,window_embedding,310.0,,310.0,310.0,61.0,184.0,0.12029568355489549,0.2805814130725292,0.7708305482442325,0.832258064516129,0.8800852642559952,0.6857062488918276,0.7708305482442325,0.008402341045439243,27.61551856994629,1.3869173526763916,1024.0,native,1024.0,,1.0,0.0,,128.0,,42.0
birdnet_3s,single,200.0,window_embedding,310.0,,310.0,310.0,61.0,185.0,0.12396425036699706,0.2845988785632971,0.7709822801720205,0.8354838709677419,0.877623900404447,0.6874491300167301,0.7709822801720205,0.0017046958673745394,28.552831649780273,1.45088529586792,1024.0,native,1024.0,,1.0,0.0,,128.0,,42.0
perch_5s,single,10.0,window_embedding,141.0,,141.0,141.0,44.0,10.0,0.22645862840170555,0.4178754732591089,0.6164303116198303,0.41134751773049644,0.486777232460571,0.8402238782262903,0.6164303116198302,0.08633759617805481,81.08047485351562,0.07048177719116211,1536.0,native,1536.0,,1.0,0.0,,128.0,,42.0
perch_5s,single,20.0,window_embedding,141.0,,141.0,141.0,44.0,20.0,0.38851800257457375,0.5482263397922735,0.7548096927669661,0.5673758865248227,0.6626049152604826,0.8768241439824932,0.7548096927669661,0.1306944489479065,65.17166900634766,0.11649894714355469,1536.0,native,1536.0,,1.0,0.0,,128.0,,42.0
perch_5s,single,30.0,window_embedding,141.0,,141.0,141.0,44.0,30.0,0.5042831497697717,0.6030131530612746,0.8128461482323694,0.6808510638297872,0.7606926601854367,0.8726773665232128,0.8128461482323694,0.11468739807605743,55.926513671875,0.1610262393951416,1536.0,native,1536.0,,1.0,0.0,,128.0,,42.0
perch_5s,single,40.0,window_embedding,141.0,,141.0,141.0,44.0,40.0,0.41375571169793346,0.5584433923388519,0.8201178063405037,0.7375886524822695,0.813472413211539,0.8268726684107393,0.8201178063405038,0.10128264874219894,46.77147674560547,0.20998406410217285,1536.0,native,1536.0,,1.0,0.0,,128.0,,42.0
perch_5s,single,50.0,window_embedding,141.0,,141.0,141.0,44.0,49.0,0.4473497540723447,0.5872373804110151,0.8425028362217671,0.7659574468085106,0.852328632240341,0.8329010053403753,0.842502836221767,0.10160424560308456,39.48801040649414,0.25835251808166504,1536.0,native,1536.0,,1.0,0.0,,128.0,,42.0
perch_5s,single,60.0,window_embedding,141.0,,141.0,141.0,44.0,59.0,0.5125831104832567,0.5822514187378802,0.8496841026920051,0.8226950354609929,0.8730818952482113,0.8275076578226473,0.849684102692005,0.09930841624736786,34.85578155517578,0.33829331398010254,1536.0,native,1536.0,,1.0,0.0,,128.0,,42.0
perch_5s,single,70.0,window_embedding,141.0,,141.0,141.0,44.0,65.0,0.4167669956533092,0.5125149911001091,0.8341351264958153,0.8156028368794326,0.8730134737333776,0.7985719222371978,0.8341351264958153,0.05793783813714981,33.57968521118164,0.3979072570800781,1536.0,native,1536.0,,1.0,0.0,,128.0,,42.0
perch_5s,single,80.0,window_embedding,141.0,,141.0,141.0,44.0,72.0,0.21324516772511673,0.40906100523871936,0.8107037966505013,0.8085106382978723,0.8620543206780593,0.7651270022745627,0.8107037966505013,0.03831509128212929,32.87227249145508,0.44350671768188477,1536.0,native,1536.0,,1.0,0.0,,128.0,,42.0
perch_5s,single,90.0,window_embedding,141.0,,141.0,141.0,44.0,77.0,0.33761212255905293,0.45559946841703886,0.8347229808272422,0.8581560283687943,0.9043128785769431,0.775078128900451,0.8347229808272421,0.048618946224451065,28.42118263244629,0.49992799758911133,1536.0,native,1536.0,,1.0,0.0,,128.0,,42.0
perch_5s,single,100.0,window_embedding,141.0,,141.0,141.0,44.0,90.0,0.3201884004839403,0.4254583072502003,0.8455146039124196,0.9078014184397163,0.9443364713731893,0.7654161864302026,0.8455146039124196,0.043028574436903,19.032222747802734,0.557173490524292,1536.0,native,1536.0,,1.0,0.0,,128.0,,42.0
perch_5s,single,110.0,window_embedding,141.0,,141.0,141.0,44.0,92.0,0.23936106169897883,0.3501058782188056,0.8307110465827949,0.8794326241134752,0.9357285753666598,0.7468873158018957,0.8307110465827948,0.015714570879936218,21.355745315551758,0.6045470237731934,1536.0,native,1536.0,,1.0,0.0,,128.0,,42.0
perch_5s,single,120.0,window_embedding,141.0,,141.0,141.0,44.0,94.0,0.23142514335562042,0.35743962511013544,0.8375289541314935,0.8936170212765957,0.9501553689521384,0.7487733084734933,0.8375289541314935,0.04201916977763176,17.474180221557617,0.6448068618774414,1536.0,native,1536.0,,1.0,0.0,,128.0,,42.0
perch_5s,single,130.0,window_embedding,141.0,,141.0,141.0,44.0,101.0,0.1444715293884559,0.26865213823559564,0.8260249640362222,0.900709219858156,0.9496013356271965,0.7309082212893383,0.826024964036222,0.024352092295885086,17.030223846435547,0.6979174613952637,1536.0,native,1536.0,,1.0,0.0,,128.0,,42.0
perch_5s,single,140.0,window_embedding,141.0,,141.0,141.0,44.0,96.0,0.18499410689458046,0.30275903995908693,0.8232074003779145,0.8794326241134752,0.9325698570441883,0.7368025711327365,0.8232074003779145,-0.003331162268295884,20.227237701416016,0.7481634616851807,1536.0,native,1536.0,,1.0,0.0,,128.0,,42.0
