model,trial,seed,selected_k,ari,ami,nmi
ssl_pretrain,1,42,120,0.1080635225153616,0.2856511964198319,0.2886867736611241
ssl_pretrain,2,43,30,0.0872919095929065,0.2418921524805998,0.242897232962036
ssl_pretrain,3,44,40,0.095483226042196,0.2247946613329042,0.2259890352024462
ssl_pretrain,4,45,30,0.0898431518910963,0.2201822519969059,0.2212228691969269
ssl_pretrain,5,46,120,0.1383519903003831,0.2822659469250066,0.285218391305314
ssl_pretrain,6,47,40,0.0763550472120866,0.2270853726229142,0.228303574827613
ssl_pretrain,7,48,130,0.1053526707700212,0.3001367852769841,0.303562423451337
ssl_pretrain,8,49,20,0.082770241589179,0.2228727055741275,0.2237305952553484
ssl_pretrain,9,50,70,0.0361071085105416,0.1852610657935453,0.1866409867098385
ssl_pretrain,10,51,120,0.1453995454481748,0.2974166976679119,0.3003705631742239
ssl_pretrain,11,52,120,0.1299844637953811,0.2779763252937703,0.2809633741260083
ssl_pretrain,12,53,110,0.13662791688767,0.2828485728733833,0.2853949159717055
ssl_pretrain,13,54,40,0.0959637828720537,0.2383276975700939,0.2395743968625796
ssl_pretrain,14,55,120,0.0921326255450494,0.2694407626929475,0.2725327586983415
ssl_pretrain,15,56,130,0.1463155781537465,0.2929697286388698,0.2963652078292952
ssl_pretrain,16,57,40,0.0969616902906317,0.2360239150028062,0.2373766893030789
ssl_pretrain,17,58,70,0.0679246818509059,0.1956602112689457,0.1972143626263279
ssl_pretrain,18,59,30,0.0800245278909542,0.2346137933418909,0.2356672624483849
ssl_pretrain,19,60,130,0.1165461722212439,0.3080557338128721,0.3113909402959706
ssl_pretrain,20,61,30,0.0982887004533682,0.2371901889365852,0.2382108856324917
ssl_pretrain,21,62,40,0.09824800324696,0.2410795558636351,0.2423045682531431
ssl_pretrain,22,63,20,0.0924149026911471,0.2144124459144509,0.2154021152002462
ssl_pretrain,23,64,30,0.0868749273026686,0.207619928387436,0.208592876577686
ssl_pretrain,24,65,40,0.096230785359892,0.2347111506546844,0.2358585426705954
ssl_pretrain,25,66,130,0.1461426242152609,0.2905183412611672,0.2939282086386731
ssl_pretrain,26,67,20,0.0704280756361515,0.2227596040865149,0.2236201287585652
ssl_pretrain,27,68,40,0.0293549778322364,0.1232370128027372,0.1242607964978205
ssl_pretrain,28,69,50,0.0963490827578599,0.2304266769323074,0.231866943731602
ssl_pretrain,29,70,120,0.1067069731380047,0.2828856755634208,0.2859628468293078
ssl_pretrain,30,71,130,0.1295276939607439,0.2924325654645583,0.2957984430367321
ssl_pretrain,31,72,50,0.0470801064554491,0.1679784758362607,0.1691571345966216
supervised_finetune,1,42,40,0.4609382966746135,0.6983564636956116,0.6990838843770032
supervised_finetune,2,43,50,0.4751412932649703,0.7080215542419895,0.7088864186417432
supervised_finetune,3,44,70,0.4640206523166332,0.7226495564286546,0.72376875606316
supervised_finetune,4,45,50,0.4664497642785,0.706370110805942,0.7072418048488232
supervised_finetune,5,46,50,0.4956979718934681,0.7120899070507507,0.7129435946401154
supervised_finetune,6,47,60,0.4848767415557994,0.7164492316320518,0.7174444163974494
supervised_finetune,7,48,60,0.5047011321172826,0.7204186319347435,0.7214009528262173
supervised_finetune,8,49,60,0.4708810138387997,0.715707855276709,0.7167033064558844
supervised_finetune,9,50,60,0.5175592709001559,0.7228670350736671,0.7238378347990941
supervised_finetune,10,51,60,0.4410929324145138,0.7101077458347179,0.711123390120432
supervised_finetune,11,52,50,0.495318219703997,0.7141579188550856,0.7150009243501991
supervised_finetune,12,53,70,0.4795551459081135,0.7257846116694149,0.7268892595572682
supervised_finetune,13,54,50,0.4791577922016711,0.7065602153323266,0.7074258680007731
supervised_finetune,14,55,50,0.5038347453383181,0.7146595032266972,0.7155019897990066
supervised_finetune,15,56,50,0.4848742479074967,0.7140518247556888,0.7148989966464073
supervised_finetune,16,57,50,0.4661448478985779,0.7088772464195907,0.7097362698839539
supervised_finetune,17,58,50,0.486945366710402,0.7061851604334574,0.7070536800990375
supervised_finetune,18,59,60,0.511154101607762,0.7269345969992118,0.7278940237736241
supervised_finetune,19,60,50,0.4842345016186304,0.7099885109412084,0.7108500520997159
supervised_finetune,20,61,50,0.4871617621743181,0.7113225030984506,0.7121726367301208
supervised_finetune,21,62,60,0.4739154511277454,0.7159936006037394,0.7169853555767505
supervised_finetune,22,63,60,0.4758480243336735,0.7167819210176507,0.7177716377470992
supervised_finetune,23,64,60,0.4887674392537144,0.7178594799223348,0.7188454552961547
supervised_finetune,24,65,50,0.4827932767368745,0.7099761329003534,0.710836093136487
supervised_finetune,25,66,50,0.4887195063856024,0.7123540340005917,0.7132062255075559
supervised_finetune,26,67,70,0.4968451751626541,0.7259744865495487,0.7270780448015247
supervised_finetune,27,68,60,0.494637047441946,0.7180156366768855,0.7190074423953138
supervised_finetune,28,69,50,0.4855887217058791,0.7125905573780484,0.7134415887785368
supervised_finetune,29,70,50,0.4451268709588794,0.7035543882216061,0.7044281930353787
supervised_finetune,30,71,60,0.5138811094449081,0.7319661498614572,0.7329017309901784
supervised_finetune,31,72,50,0.5044049742272291,0.7189704351207246,0.719799701588685
ssl_contrastive,1,42,60,0.2387201898000036,0.4866120517342525,0.4884010082363131
ssl_contrastive,2,43,60,0.2217765347434405,0.4738424444532642,0.4756773269596819
ssl_contrastive,3,44,60,0.2108619274538134,0.4691589428877484,0.4710200546482375
ssl_contrastive,4,45,50,0.2086294246788981,0.4593369507885516,0.4609353829640805
ssl_contrastive,5,46,70,0.2081197136438825,0.4754768670536645,0.4775832749264472
ssl_contrastive,6,47,70,0.201405585416201,0.4816316229312272,0.4837095973878924
ssl_contrastive,7,48,60,0.2473277854503747,0.4860557698664262,0.4878461965222668
ssl_contrastive,8,49,70,0.1945744885026359,0.4763660056589585,0.4784753283740899
ssl_contrastive,9,50,40,0.2106176750849934,0.4400628842469578,0.4414094806579748
ssl_contrastive,10,51,60,0.2161614782132809,0.470506427494075,0.4723498514070305
ssl_contrastive,11,52,70,0.2346565858117474,0.4887510477298653,0.4908182940581657
ssl_contrastive,12,53,60,0.2276566673440418,0.4662232806333883,0.4680737098923124
ssl_contrastive,13,54,60,0.1999414328556514,0.4689991797270608,0.470850887149836
ssl_contrastive,14,55,70,0.2758943132085769,0.4890022216978712,0.4910622934475976
ssl_contrastive,15,56,60,0.2460025683299512,0.4807968945551217,0.4826066319662705
ssl_contrastive,16,57,50,0.2375271328164963,0.4657002888914927,0.4672889828739344
ssl_contrastive,17,58,70,0.2741406195475102,0.4914378625037701,0.4934768839613417
ssl_contrastive,18,59,60,0.2538472185244802,0.4764355453388793,0.4782583132009137
ssl_contrastive,19,60,70,0.2248943755352505,0.4840983289549672,0.4861629874914641
ssl_contrastive,20,61,60,0.2400621091383328,0.4751493433185958,0.4769807572470445
ssl_contrastive,21,62,70,0.2483275732075998,0.4848789406652795,0.4869568650662792
ssl_contrastive,22,63,60,0.2125785904347623,0.4588264691973243,0.4607235517682306
ssl_contrastive,23,64,50,0.2004412183220514,0.4598267742142297,0.4614268678468944
ssl_contrastive,24,65,50,0.2368005360939457,0.4547611873744259,0.4563701134642215
ssl_contrastive,25,66,50,0.2622342380462698,0.4734696117621496,0.4750263785797408
ssl_contrastive,26,67,70,0.2455257019507039,0.4778910731096673,0.4799967629094677
ssl_contrastive,27,68,60,0.2655837671485005,0.4764490315547455,0.4782733870702559
ssl_contrastive,28,69,60,0.2151683139445327,0.4577174390492431,0.4596093647920121
ssl_contrastive,29,70,70,0.2222847660247517,0.4885018327728251,0.4905531183814627
ssl_contrastive,30,71,70,0.2568750533356301,0.4946744096424079,0.4966966535994316
ssl_contrastive,31,72,60,0.2153891739689028,0.4739042862818312,0.4757468054041032
supervised_contrastive,1,42,70,0.2396337923579776,0.5037918050317449,0.5057813356018732
supervised_contrastive,2,43,50,0.2126397315536724,0.4732408011542388,0.4747916985418777
supervised_contrastive,3,44,60,0.2041837098843693,0.4717917098514397,0.4736431925074439
supervised_contrastive,4,45,60,0.2329982960920567,0.4817025718122024,0.4835058807513877
supervised_contrastive,5,46,70,0.2154467836372799,0.4956310931529452,0.4976511127514513
supervised_contrastive,6,47,50,0.2697536147580086,0.4719500352478187,0.4735121406440012
supervised_contrastive,7,48,70,0.2408829579181825,0.49966858860031,0.5016778705235584
supervised_contrastive,8,49,60,0.228451594796696,0.4806814346504671,0.4824909515730774
supervised_contrastive,9,50,50,0.2319795838868593,0.4654507591698654,0.4670265600256895
supervised_contrastive,10,51,70,0.300331170236992,0.5123805658575676,0.5143331570407471
supervised_contrastive,11,52,80,0.2392382386431406,0.5014750393409573,0.5037370485558516
supervised_contrastive,12,53,60,0.1898152415721961,0.4702031512311146,0.47205838264784
supervised_contrastive,13,54,60,0.2127046844018547,0.4776638906288806,0.4794849349614075
supervised_contrastive,14,55,60,0.2349643965789015,0.4789990094186164,0.4808166052809742
supervised_contrastive,15,56,70,0.2413865531303545,0.4987697821709971,0.5007883159133452
supervised_contrastive,16,57,60,0.2335728138075959,0.4824564568307195,0.4842757601458639
supervised_contrastive,17,58,70,0.2703802060754252,0.5026548540149384,0.5046411457383616
supervised_contrastive,18,59,60,0.2650994642398543,0.4898494130021568,0.4916291107541216
supervised_contrastive,19,60,50,0.223504905383097,0.4688192687973962,0.4703899514611226
supervised_contrastive,20,61,60,0.2397448290866233,0.4814658363858076,0.4832688735422537
supervised_contrastive,21,62,60,0.2281141987235239,0.4898502697508773,0.4916288122464298
supervised_contrastive,22,63,60,0.2275482209774299,0.474187144140862,0.4760301757573101
supervised_contrastive,23,64,50,0.2225213017950927,0.4754139939203758,0.4769619390542143
supervised_contrastive,24,65,60,0.2263324446794821,0.4776591527080709,0.4794761675246256
supervised_contrastive,25,66,60,0.3028825236273572,0.4859746094652117,0.4877684304592826
supervised_contrastive,26,67,60,0.2243906775436965,0.4750674760429204,0.476893706471033
supervised_contrastive,27,68,50,0.256126225519792,0.4689644976629398,0.4705375111676815
supervised_contrastive,28,69,60,0.2495956602519314,0.489267898103061,0.4910440766914106
supervised_contrastive,29,70,70,0.2399404776088192,0.502651725032575,0.5046521249139634
supervised_contrastive,30,71,60,0.2814312730116062,0.4904472830093134,0.4922251373055106
supervised_contrastive,31,72,60,0.2251904508793947,0.4813506673930811,0.4831663867413374
