model,k,n,ARI_mean,ARI_std,AMI_mean,AMI_std,NMI_mean,NMI_std,RI_mean,RI_std,Silhouette_mean,Silhouette_std
ssl_pretrain,10,31,0.04441431662268686,0.01225322081388002,0.1539296621812952,0.023742845821063917,0.1544259192850548,0.023736915675106978,0.8192020368384366,0.04468487337801155,-0.0037000895455064214,0.00548025535208862
ssl_pretrain,20,31,0.06473203151121458,0.014367381548029605,0.19498919718437865,0.021801315712705986,0.19576897476689187,0.021828325035264152,0.8712815105617426,0.02404762206282826,-0.00114938856636252,0.004435921625428048
ssl_pretrain,30,31,0.07520182475873849,0.013105362322866833,0.2120831011717378,0.019808358295431785,0.21307388412997744,0.019832170183043445,0.8878812028008981,0.018331824585616843,-0.001238036860447592,0.0064449153385799825
ssl_pretrain,40,31,0.07730312844507073,0.016304142293164788,0.21541587438768184,0.024119039817626926,0.2165946626880903,0.024148804434737273,0.8907575590941462,0.03430933039028222,-0.003440623285226335,0.010490568863745126
ssl_pretrain,50,31,0.06959916492121053,0.017044062474677064,0.20718246332109883,0.023962115795844143,0.20850120299378702,0.02399943921096525,0.884314603651246,0.02681040472638956,-0.010943055055254385,0.012744990655844736
ssl_pretrain,60,31,0.07870897622926595,0.013578190661822408,0.2206837206693409,0.01986605858316937,0.22212116701787218,0.01987590631251694,0.8977513462368157,0.016084257569539812,-0.009485402373332251,0.011013303028163293
ssl_pretrain,70,31,0.07917054017888259,0.01895299203260143,0.2233593806002918,0.022276770424544696,0.22495290365429382,0.022287943299610376,0.8957093348838051,0.02476306760825422,-0.016576081608241804,0.013905297531427692
ssl_pretrain,80,31,0.08093064656399472,0.016074754081788305,0.22930921134882412,0.017950564814172763,0.23110508097689855,0.01794405546042204,0.9005239634068567,0.019099430342861042,-0.013222530858089826,0.011916752384272866
ssl_pretrain,90,31,0.0889241160257061,0.015347065980191683,0.24079513065964694,0.01573632512039565,0.24280304338455067,0.01567775281745725,0.914017684585543,0.01083936496680797,-0.011293798374320024,0.010747897776001865
ssl_pretrain,100,31,0.10553419605504084,0.018534597317614462,0.25957474161486577,0.012751028784917528,0.26192277797960983,0.012688548832294632,0.9277153551906878,0.010466926216870946,-0.009852045862522365,0.012737851433432859
ssl_pretrain,110,31,0.11883609289715354,0.013586499607214308,0.2727381538537072,0.009315082089526293,0.27541122916194705,0.009255382076370602,0.9362320557665443,0.0074653043540107164,-0.0011116065790936743,0.010677749093327428
ssl_pretrain,120,31,0.12205847412915606,0.016895453184738996,0.284460611280772,0.011074180004907366,0.2875041432970778,0.01103030805428172,0.9419242585621269,0.0052911980128714925,-0.004018090204615334,0.009581056560427167
ssl_pretrain,130,31,0.12239431668432317,0.01753226394571179,0.28653650794856317,0.010357926523486459,0.2899354702187288,0.010305554057661773,0.9445882558293444,0.004818160633208708,-0.001018180070640225,0.007968758471175078
ssl_pretrain,140,31,0.1362749325440903,0.016694995705320497,0.29617373817266684,0.01015277348857783,0.2998998523155552,0.01007991245839506,0.948219205338811,0.0033439770181680757,0.0012228713547360228,0.008700789290702263
ssl_pretrain,150,31,0.13218950911514915,0.015181562859506227,0.3022212601852968,0.009511355633981125,0.30628499344454185,0.009448879371333674,0.9495518049944142,0.004985589194518205,-0.0010124821335099807,0.00824931922759549
ssl_pretrain,160,31,0.129658247379195,0.019036423846526682,0.3017690620650807,0.009203061780288044,0.3061867020545267,0.009124427196469215,0.9524553651047114,0.00406301704886888,0.0010573462103850107,0.00819624843531704
ssl_pretrain,170,31,0.14114919596357284,0.018759688550290768,0.305533542631149,0.01055887371247574,0.3102964270037262,0.010467899186538373,0.952857913427599,0.0038445638903941166,-0.0028413382714197293,0.00921711428123123
ssl_pretrain,180,31,0.13897777955391216,0.01429297386675323,0.308683004644577,0.00816237435826018,0.31380093830060507,0.008079793815320207,0.9525149295675749,0.003530235518533077,0.0014601625603503324,0.008068930339488295
ssl_pretrain,190,31,0.13923610388458285,0.01960695962493329,0.31143442684990225,0.010171177558300023,0.3168364074780915,0.010067296552758438,0.9548361740304735,0.004465014702307284,-0.0006218466888024355,0.011551582368372088
ssl_pretrain,200,31,0.135892779879566,0.018897235256016803,0.31461572658424447,0.010151927149015241,0.3203418107829289,0.010072696091959755,0.9559644971323278,0.003119909645579332,0.0004572089608465776,0.008810115675360745
supervised_finetune,10,31,0.19709348479332858,0.009714546401450806,0.5191809617027372,0.00873083797599305,0.5195002291548142,0.008724842315017954,0.9001740172969611,0.003760044000233695,0.17975357367146397,0.005362150565919979
supervised_finetune,20,31,0.32899104516143957,0.009939470260023819,0.6228079845306767,0.006512728347232372,0.6232878255134529,0.00650411314804203,0.950253025368953,0.0013906196346139485,0.2558813811309876,0.00966672485828526
supervised_finetune,30,31,0.4143487459181507,0.010407868635631791,0.6701109350102693,0.005495878820980821,0.6707199818684068,0.005485307440105796,0.9665469496098335,0.0009372086840156487,0.29297209074420316,0.008985806184795324
supervised_finetune,40,31,0.45321082593924195,0.011763161097919209,0.69409470694518,0.00513258785439393,0.6948318031937526,0.005119862905218755,0.9728545913286079,0.0008082575951418501,0.3033264990775816,0.01007215884093699
supervised_finetune,50,31,0.47552991150165985,0.02073648234896308,0.7086543108679852,0.004628515841800811,0.7095168444176114,0.004615010580776821,0.9765437273213372,0.0010044517423124322,0.3094040818752781,0.012850181597290195
supervised_finetune,60,31,0.48224620373843285,0.024515448793205614,0.7181815009675437,0.005432845175810388,0.7191692546167731,0.005413742223441015,0.9785766479748257,0.0010403261600909863,0.3079493007352275,0.014594379499725925
supervised_finetune,70,31,0.4865852991937698,0.01924228139821585,0.7259015778215181,0.004763170992044806,0.7270080577287623,0.004744043589067098,0.9801871447023451,0.0007372092526485497,0.310167029019325,0.011191746806202822
supervised_finetune,80,31,0.48252926204432023,0.02504415602868234,0.7309586516106769,0.005346325146838622,0.7321896976323081,0.005322227016894825,0.9808224070789343,0.0008197512902757928,0.3102183813048947,0.013736965369809395
supervised_finetune,90,31,0.4699828812575913,0.02771423356543627,0.7336918506962663,0.005553396538063725,0.7350475151992685,0.005526629229580137,0.9814561245992026,0.0007883740853382028,0.3083300696265313,0.015999294060281236
supervised_finetune,100,31,0.46334461383292713,0.025436927445049884,0.7375018248923207,0.004178978150147518,0.7389776337609282,0.004154923286338363,0.9817162572802344,0.0006341128775061727,0.30268298714391645,0.011149281474777001
supervised_finetune,110,31,0.4505312804920507,0.03115671788112159,0.7376890957774127,0.005015410037705852,0.7393017092379341,0.004985228562955501,0.9817859175158149,0.0009240233256806493,0.30290777548666925,0.014261145744471584
supervised_finetune,120,31,0.43748585948934005,0.034509227354307455,0.7396761949186705,0.005992883085000025,0.7414086178376426,0.0059561511913082165,0.9819888322861638,0.0009139446274049532,0.30076114496877115,0.016002628765326897
supervised_finetune,130,31,0.4252698101978001,0.026308148149293827,0.7394819037126711,0.003633676320675511,0.7413465678201889,0.0036086872566009,0.9821454787905961,0.0005601970703455093,0.2981861118347414,0.011655044316376982
supervised_finetune,140,31,0.4165156229731082,0.023849652193229032,0.7424988340869545,0.003917047143687417,0.7444720432683047,0.0038874470460951664,0.9822853499912813,0.0005606577899139827,0.3003592106603807,0.01405710933989233
supervised_finetune,150,31,0.3972779443270513,0.026736696191252848,0.7429217796375652,0.004663027666762163,0.7450197574191108,0.004626278896688586,0.9821731788153237,0.0005929654005273211,0.29610236613981183,0.012575548650391531
supervised_finetune,160,31,0.39135580395675185,0.02784547697861857,0.7429232301790121,0.00451540637925056,0.7451504982741931,0.004477861752070366,0.9822532722365878,0.000567126083727685,0.2986977638736848,0.01226490499643108
supervised_finetune,170,31,0.3794783106774338,0.03316617674344582,0.7433580065074687,0.004430921522298998,0.7457062121969146,0.00439516662873878,0.9823048333471741,0.0006694451553736556,0.2973958734543093,0.013784879801276377
supervised_finetune,180,31,0.3619232845501118,0.01837043339691327,0.7423826345714611,0.0035775117852410417,0.7448681946654253,0.003546950723818333,0.9820825621514404,0.0003413589013254901,0.29226067181556453,0.013133777408919809
supervised_finetune,190,31,0.35680533721828356,0.018691534397597447,0.742927968955736,0.004346279458600774,0.7455349523259811,0.004304968652610319,0.9821699580544958,0.0003637990733869626,0.29264471511687,0.011056429466573916
supervised_finetune,200,31,0.35021765027651236,0.019452117306613427,0.7441796327742916,0.003697141774506451,0.746898488981018,0.0036620374015309577,0.9822526662960975,0.0003548925443009587,0.2938620275066745,0.012286203664757534
ssl_contrastive,10,31,0.08112077552417099,0.009890876000247791,0.2736740127141875,0.017861848565676207,0.27416176815694826,0.017850525972847964,0.8734897688815939,0.008986313226409083,0.0654253235026713,0.008470332843336384
ssl_contrastive,20,31,0.14403737010064352,0.014134164371836781,0.3623710320184368,0.010882079599447498,0.3631895760335521,0.01086828934639212,0.9316626560477923,0.0036101616743326958,0.08472603511425754,0.005334874340491865
ssl_contrastive,30,31,0.17964180731387905,0.017865439626520718,0.4049383637161662,0.00869612435893691,0.40604426716261377,0.008678443606404245,0.9508839164524068,0.0021090783766347563,0.09475448703573593,0.005892039546081556
ssl_contrastive,40,31,0.2041383328042917,0.021537187451526853,0.43414294934283076,0.009305409250728251,0.43551110733414833,0.009281197702910833,0.9597655701745629,0.0018183304101700242,0.10108162078165236,0.007112450053727278
ssl_contrastive,50,31,0.22010117895897782,0.01933066225056347,0.4554340118194287,0.00841071475062886,0.45704412989922444,0.008386994351118763,0.9654879719484781,0.00115192840245279,0.10290129026097633,0.006441806099201327
ssl_contrastive,60,31,0.22229711651557937,0.021487004143625612,0.4693747888130131,0.00847953870630721,0.47122696346854936,0.008449224719679956,0.9687415807698531,0.0009552689956043396,0.1054890703770422,0.00696667116414589
ssl_contrastive,70,31,0.22622484814233162,0.019994960115899445,0.48331985445715336,0.007168019037258512,0.48539704127865246,0.007139252598626054,0.9709145601591856,0.000836267180662997,0.10497629306008735,0.005509073697164627
ssl_contrastive,80,31,0.22911551806633804,0.0231049651303429,0.4926951077151185,0.008289667448890552,0.49499856833011435,0.00825262778056641,0.9727312700271239,0.0007692968196469968,0.10608036647881228,0.007991401887560649
ssl_contrastive,90,31,0.22494226192803993,0.013328671721793297,0.49895701714144236,0.006851596338221114,0.5014946548964341,0.006814066963918172,0.9736648969395811,0.0004550718439535193,0.10562650378673305,0.007393829464712821
ssl_contrastive,100,31,0.22448664419196007,0.01611163186869142,0.5066453213955538,0.0065471303441928886,0.5093947161930938,0.006510594378238071,0.9747338008975895,0.0005795764454308017,0.10487925477566255,0.0055306752342588065
ssl_contrastive,110,31,0.2212607582538087,0.018128886267774938,0.511922808660787,0.005823930101506565,0.5148933276570804,0.0057855103006491364,0.9754216436530639,0.0005619905609174858,0.10410126274631866,0.006142589151288847
ssl_contrastive,120,31,0.22114568564538278,0.018694035104473282,0.5177464223877917,0.004953370731977556,0.5209238568631358,0.004920364312054098,0.9761559425541734,0.00042622165150397366,0.10356667181176521,0.0047179774457661375
ssl_contrastive,130,31,0.21684409025573195,0.015017113011038419,0.5228422880554218,0.005346021039593159,0.5262300071673067,0.005305546075140347,0.9765381221313683,0.0004235314166316698,0.10252659455422429,0.005365493204508093
ssl_contrastive,140,31,0.2172166856188855,0.024148604232546226,0.5279437551598045,0.005681668405945479,0.5315317142475392,0.005637470351157792,0.9770203332837538,0.0006400617343610425,0.10310809650728776,0.006911730699860906
ssl_contrastive,150,31,0.20718782895464827,0.012023363347680635,0.5317840740513018,0.005312260183636877,0.5355740910768748,0.0052672126054921185,0.977275950108013,0.00036892022048318993,0.10052351653575894,0.00561913476066488
ssl_contrastive,160,31,0.2050263968653809,0.021690386309292146,0.5352601589689826,0.006717843125012967,0.5392549074666358,0.00666053572781312,0.9775337303982804,0.0005342828369319576,0.10087854919895047,0.00590032726478829
ssl_contrastive,170,31,0.2050242046937182,0.0186287537409974,0.539163864391883,0.005119375274089546,0.543355582539434,0.00507475117847673,0.9778234552709008,0.00043475461232429834,0.10188203977961689,0.0050832117910181735
ssl_contrastive,180,31,0.20048050772194692,0.013938122426471548,0.5431848800126462,0.006044824849227661,0.5475644934364028,0.005987483087133639,0.9780582693139972,0.00032965443083173435,0.10157276233357765,0.006020084876746504
ssl_contrastive,190,31,0.1977019323291736,0.013957435246304656,0.5458879669684518,0.004946157632765013,0.550464426158023,0.0048969565591891326,0.9782440138261551,0.000307464149309521,0.10135344776415053,0.0051281353950178585
ssl_contrastive,200,31,0.19665815747521032,0.014891906538088518,0.5493282892707839,0.0055799897740028805,0.5540933045381528,0.005519959839253915,0.9784228069458595,0.00035748302213510627,0.1010696308747414,0.004895808109319179
supervised_contrastive,10,31,0.0869538742471322,0.011168825443483034,0.28299586499714663,0.010876566242201206,0.28347733417353604,0.010868026455710373,0.8745244131508774,0.009009047888948529,0.06678217385084394,0.006035369816717441
supervised_contrastive,20,31,0.15952757687451932,0.015646876905425454,0.3755439691381015,0.010433076469923317,0.3763442249902593,0.01041900142472026,0.9338642044396284,0.00334272764980213,0.08796605323591537,0.005576760012593038
supervised_contrastive,30,31,0.19785802176374667,0.021359628366871154,0.42161492521879085,0.009787917089794797,0.42269006983029217,0.00976869555177224,0.9518584895061054,0.0024179770908390012,0.10054959044341115,0.006737850544415806
supervised_contrastive,40,31,0.2260015662079872,0.024162173451537594,0.44913469450638926,0.010675329206587229,0.45046351577511756,0.010648989731016115,0.9613880237157989,0.001959748664919201,0.10488370445466808,0.008290006365401788
supervised_contrastive,50,31,0.2391951778999556,0.025702064470301177,0.4684335299042428,0.007137544261120303,0.47000409830285217,0.007115336947259222,0.9664700852604814,0.0013770862413373251,0.10782640571555781,0.00554098281810189
supervised_contrastive,60,31,0.2381624154084504,0.025699971548176208,0.4826664112416613,0.007570910251356685,0.48447215207334277,0.007543968148200441,0.9694360930508733,0.0011650625281028738,0.10663005301067903,0.006239899264259825
supervised_contrastive,70,31,0.24575341104493253,0.022147525940838433,0.49326019123736087,0.007214852445690512,0.49529667665569105,0.007183227036583248,0.9717049465745902,0.0009897860584121042,0.10744840940160133,0.006269559325667713
supervised_contrastive,80,31,0.24286454947709749,0.024654905360952654,0.5027224997708778,0.006886470069185349,0.5049794340903206,0.006856082022086738,0.973189852351528,0.000923480932641455,0.10693416888675376,0.005845850332143575
supervised_contrastive,90,31,0.23820561580225985,0.02186841124041915,0.5081405156906389,0.006795430425571161,0.5106281483538814,0.0067584909368127895,0.9742739767325461,0.0007296397253537341,0.10598357814934943,0.006911022769757989
supervised_contrastive,100,31,0.2378589757466053,0.023969880024756005,0.5153987097132533,0.00548665293229911,0.5181010107092832,0.005457442704661909,0.9751054502198061,0.0006875903847522341,0.10555786783656763,0.005317441061371144
supervised_contrastive,110,31,0.23029867584820107,0.017212032437075264,0.5203715662922411,0.005377292137665832,0.5232904733205459,0.005343811375948945,0.9757190690515987,0.0005303879773181008,0.10402827349401286,0.006438587080002853
supervised_contrastive,120,31,0.22828729620037375,0.016772622955479443,0.525205561918357,0.0055537020619095285,0.5283349079041427,0.005517751523440614,0.9763324678252004,0.00043027026874385905,0.10388677206731609,0.007192973109905901
supervised_contrastive,130,31,0.22579449459748466,0.016036518805300014,0.5304398764159634,0.005721755137266828,0.5337725366230532,0.005681319247993436,0.9768366983310428,0.00044620925550405686,0.10321883136226281,0.005266552754026806
supervised_contrastive,140,31,0.2221758684889221,0.019899165743547446,0.5347284308035556,0.005652338941838694,0.5382630689806358,0.005609913406193957,0.9772549125964725,0.00047562701263652784,0.10201650160935614,0.0060043032815580875
supervised_contrastive,150,31,0.2161289526977987,0.01609848177529784,0.5387292010776858,0.005835028005498952,0.5424650512750462,0.005788405468260438,0.9774721020774649,0.0003782164128804466,0.10231140784678917,0.0056618543551239155
supervised_contrastive,160,31,0.2142456125834661,0.016313770333660084,0.5427175401854504,0.005558349432606332,0.5466494558999526,0.005511661055231643,0.9777608191904613,0.0004473079349157885,0.10275368801047723,0.006610274858360068
supervised_contrastive,170,31,0.20840675971039788,0.013327695402993656,0.546045458796543,0.004459757725852192,0.5501740454863059,0.004419076688564017,0.9779303565078383,0.0003519488948634585,0.10061436651214474,0.004945992019597643
supervised_contrastive,180,31,0.206103281833372,0.01546663279370361,0.5478709660728706,0.005295407673587148,0.5522065552918949,0.00524458273473461,0.9781713056188847,0.00040484190345582927,0.10103422571574484,0.005350421851677391
supervised_contrastive,190,31,0.20232373121337613,0.011591758375553983,0.5514373814748615,0.004615686469414999,0.555957209593811,0.004569852118670414,0.9783905593175336,0.00022982057718842137,0.09986641282035455,0.006080613185477197
supervised_contrastive,200,31,0.198269031025978,0.01334486163029632,0.5544187151637974,0.004306504154756944,0.5591283785075976,0.004261716770563586,0.9784939825551847,0.0002794023852771405,0.09906507547824611,0.005246164027556506
