representation,k,nmi,ari,ami,n_windows
a2v_3s_vote,10,0.3643429290380345,0.0556886656009581,0.1589193503284848,310
a2v_3s_vote,20,0.4453072601071695,0.0769849255254911,0.1850795519521814,310
a2v_3s_vote,30,0.4864623435189146,0.0661602821464151,0.157711199119614,310
a2v_3s_vote,40,0.5375609128716792,0.1090239848817939,0.204062985841563,310
a2v_3s_vote,50,0.5788658680718662,0.1463645295608076,0.2430929587666004,310
a2v_3s_vote,60,0.598457148092305,0.1255594209126109,0.222140546758773,310
a2v_3s_vote,70,0.6298944859484289,0.1858605789124777,0.2853386507063824,310
a2v_3s_vote,80,0.622202072343172,0.1337287260468016,0.2377657472408077,310
a2v_3s_vote,90,0.6467355128264172,0.1486287931224553,0.264208861106754,310
a2v_3s_vote,100,0.6371578310608306,0.1569403281512804,0.2557642898603171,310
a2v_3s_vote,110,0.6292608590452959,0.1184774296002342,0.2224341682590863,310
a2v_3s_vote,120,0.6574674998062434,0.1791688362126038,0.2714464609041825,310
a2v_3s_vote,130,0.6555620933451016,0.1413726451549039,0.2671532841075624,310
a2v_3s_vote,140,0.6571670683279863,0.1206406112578349,0.2261844909741649,310
a2v_3s_vote,150,0.6716448728471455,0.1565534414641816,0.2669256404366353,310
a2v_3s_vote,160,0.6645245734545409,0.1473781397052503,0.237880049627264,310
a2v_3s_vote,170,0.6754615656719801,0.1705064679365925,0.2628581491699204,310
a2v_3s_vote,180,0.6864930678241408,0.1619506860124716,0.2584390116103547,310
a2v_3s_vote,190,0.7060075855675211,0.1784202021276275,0.2798319520288721,310
a2v_3s_vote,200,0.6982476534877338,0.1685063700122152,0.25952302628129,310
a2v_5s_vote,10,0.4360481301950217,0.0416066658464113,0.120684822942993,141
a2v_5s_vote,20,0.5766456214326051,0.1033319781603094,0.2062777901987041,141
a2v_5s_vote,30,0.6432806595174438,0.1156238506352813,0.2108697959380638,141
a2v_5s_vote,40,0.6674576847869635,0.1664755972828936,0.2454534737674837,141
a2v_5s_vote,50,0.678734824720691,0.1314653494873485,0.2195313952968716,141
a2v_5s_vote,60,0.6990885930650522,0.1604751353489301,0.2439674767101718,141
a2v_5s_vote,70,0.7010081667640553,0.1255360275681663,0.2203442268684512,141
a2v_5s_vote,80,0.7111134296634812,0.1266117986747776,0.2175288427869574,141
a2v_5s_vote,90,0.6917774706104614,0.0920867384178279,0.1750204464237292,141
a2v_5s_vote,100,0.7274672829472121,0.1541805302330749,0.2422144852729132,141
a2v_5s_vote,110,0.7238411577928738,0.1172791290068919,0.2029710313197917,141
a2v_5s_vote,120,0.7592228626514513,0.1642196024094876,0.2577240116794139,141
a2v_5s_vote,130,0.7524855434499523,0.2035065468743382,0.2704880373147355,141
a2v_5s_vote,140,0.7581809920893376,0.1773622361218765,0.2559062274424762,141
a2v_5s_vote,150,0.7435552664754539,0.1457456091427275,0.2389130085456041,141
a2v_5s_vote,160,0.7256544575792877,0.1012572711417559,0.1920776456641207,141
a2v_5s_vote,170,0.7615086290112756,0.1415290449961046,0.2234162982564303,141
a2v_5s_vote,180,0.7640299257488142,0.1448813036099936,0.2351177495830941,141
a2v_5s_vote,190,0.7594876947288356,0.1326989902618427,0.206627961789389,141
a2v_5s_vote,200,0.7672470272261852,0.1624211922794265,0.2526587732825436,141
birdnet_3s,10,0.5146722331275302,0.1071630107019799,0.3735034280009251,310
birdnet_3s,20,0.6122404484135949,0.1605680240218124,0.4184846087337903,310
birdnet_3s,30,0.6541644067215289,0.1859545393658659,0.4453633933469009,310
birdnet_3s,40,0.6891879174073392,0.1915405559496865,0.4698889224894874,310
birdnet_3s,50,0.6978698534460736,0.14759590974073,0.4452917947738062,310
birdnet_3s,60,0.6905960820012366,0.158135764793368,0.4242413938499696,310
birdnet_3s,70,0.6968634452334068,0.1645989713365869,0.3922641488096032,310
birdnet_3s,80,0.7128723238392197,0.1693434302485716,0.4108618129380358,310
birdnet_3s,90,0.748685407618788,0.239482670697119,0.4424612648859862,310
birdnet_3s,100,0.7264710511206551,0.1579857184448247,0.3871123880225797,310
birdnet_3s,110,0.7245307836936467,0.1655647181952734,0.3610019019711069,310
birdnet_3s,120,0.7240637521886202,0.1482401104607217,0.335214254213159,310
birdnet_3s,130,0.7666101584485511,0.2141023599678373,0.4073502895006364,310
birdnet_3s,140,0.7626814732004655,0.168016586624687,0.3759958749481705,310
birdnet_3s,150,0.7643111117040245,0.166519034123495,0.3583758164078732,310
birdnet_3s,160,0.7472019870879812,0.1189633564841008,0.2981333221508961,310
birdnet_3s,170,0.77349381426781,0.1767918760241496,0.363014861780003,310
birdnet_3s,180,0.7651859422316665,0.1303386756537264,0.293495111440791,310
birdnet_3s,190,0.7708305482442325,0.1202956835548954,0.2805814130725292,310
birdnet_3s,200,0.7709822801720205,0.123964250366997,0.2845988785632971,310
perch_5s,10,0.6164303116198303,0.2264586284017055,0.4178754732591089,141
perch_5s,20,0.7548096927669661,0.3885180025745737,0.5482263397922735,141
perch_5s,30,0.8128461482323694,0.5042831497697717,0.6030131530612746,141
perch_5s,40,0.8201178063405037,0.4137557116979334,0.5584433923388519,141
perch_5s,50,0.8425028362217671,0.4473497540723447,0.5872373804110151,141
perch_5s,60,0.8496841026920051,0.5125831104832567,0.5822514187378802,141
perch_5s,70,0.8341351264958153,0.4167669956533092,0.5125149911001091,141
perch_5s,80,0.8107037966505013,0.2132451677251167,0.4090610052387193,141
perch_5s,90,0.8347229808272422,0.3376121225590529,0.4555994684170388,141
perch_5s,100,0.8455146039124196,0.3201884004839403,0.4254583072502003,141
perch_5s,110,0.8307110465827949,0.2393610616989788,0.3501058782188056,141
perch_5s,120,0.8375289541314935,0.2314251433556204,0.3574396251101354,141
perch_5s,130,0.8260249640362222,0.1444715293884559,0.2686521382355956,141
perch_5s,140,0.8232074003779145,0.1849941068945804,0.3027590399590869,141
